steps,success_rate,ep_reward,ep_length,actor_loss,critic_loss
1050,0.0,-0.5355748236179352,150.0,-11.559668450809658,0.00012741839335008297
2100,0.0,-0.5496277809143066,150.0,-10.961154191834584,6.91233866395383e-05
3206,0.0,-0.5022876635193825,138.25,-9.236048456714267,0.00013433575934738786
4256,0.1,-0.4857798729624067,150.0,-10.769050228482202,0.00014618581666582032
5306,0.3,-0.5097002983093262,150.0,-10.303882405417307,0.00013091449314483076
6356,0.0,-0.5486812250954765,150.0,-8.351879494076684,0.0001500459348192505
7406,0.0,-0.5217189959117344,150.0,0.9077298486800418,0.00017407212328353558
8456,0.4,-0.4989595583506993,150.0,-8.743964528129215,0.00017081670977945796
9506,0.1,-0.5411148454461779,150.0,-8.948128783135187,0.00019512888837198262
10556,0.0,-0.5389549902507237,150.0,-9.031722209567116,0.00022060868899730158
11606,0.0,-0.512430054800851,150.0,-8.946552211216519,0.00025751870179235647
12656,0.4,-0.5176988371780941,150.0,-8.936276006244478,0.000246907499476081
13706,0.3,-0.5184112659522465,150.0,-8.865846354166667,0.0002787895063132358
14756,0.0,-0.4743516189711435,150.0,-8.747532686051867,0.0002753301609378208
15806,0.2,-0.5184944868087769,150.0,-8.706286780947732,0.0003113358495154119
16808,0.0,-0.4827001243829727,143.14285714285714,-8.73520560088278,0.00031681008957643866
17936,0.0,-0.46120223216712475,141.0,-8.720317211487355,0.0003363946937460218
18986,0.2,-0.4949582431997572,150.0,-8.563834825243267,0.00038112309636614686
20036,0.0,-0.5184412215437207,150.0,-8.49318388484773,0.0004016451034944372
21086,0.0,-0.48633275287491934,150.0,-8.411157499495006,0.0004381838972802229
22136,0.0,-0.45843914576939176,150.0,-8.467369233085996,0.00044838268923783856
23186,0.0,-0.5043400270598275,150.0,-8.380924186706542,0.0005064633166364816
24236,0.0,-0.5317295832293374,150.0,-8.330327259245374,0.0005476953537921266
25286,0.0,-0.49600738286972046,150.0,-8.275081946509227,0.0005707766491104849
26435,0.0,-0.4938933178782463,143.625,-8.220164531132188,0.0006255295967310653
27538,0.0,-0.5048673897981644,137.875,-8.08664568134074,0.0007364263387447086
28653,0.0,-0.43636872060596943,139.375,-8.044165376883287,0.0007955685707463254
29703,0.1,-0.49465239899499075,150.0,-8.078682497115361,0.0008356934189768731
30753,0.1,-0.5298072695732117,150.0,-8.036789477212087,0.0008686462152815822
31803,0.1,-0.5187144109180996,150.0,-7.983096958342052,0.0009144838772287284
32912,0.1,-0.4345757644623518,138.625,-7.982702136443834,0.0009262945687602288
33962,0.0,-0.5108934002263206,150.0,-7.946090240024385,0.0010092362619304497
35012,0.0,-0.4796644704682486,150.0,-7.89422374225798,0.001061552894991889
36062,0.0,-0.5343938682760511,150.0,-7.8655976122901565,0.0011159838427695266
37112,0.1,-0.5313383766583034,150.0,-7.879554252397446,0.0011692147930097278
38162,0.0,-0.49651509523391724,150.0,-7.89172936394101,0.0012516054596995849
39212,0.0,-0.5506167028631482,150.0,-7.896121400197347,0.0013420112277769173
40262,0.1,-0.5079506167343685,150.0,-7.895284725370861,0.0014356440990342802
41312,0.1,-0.48226272634097506,150.0,-7.8788170115153,0.0015917268655418104
42362,0.1,-0.5209156955991473,150.0,-7.866385698772612,0.0016980879938983846
43489,0.0,-0.44361110404133797,140.875,-7.869810353703313,0.0016948225921686023
44539,0.1,-0.5177465294088636,150.0,-7.852205532618932,0.0018134564063733533
45589,0.2,-0.49592129247529165,150.0,-7.877990804399763,0.001913369954979446
46639,0.1,-0.4957604578563145,150.0,-7.8629732372647245,0.0020759548740239726
47689,0.1,-0.5099616306168693,150.0,-7.853087373461043,0.0021082575029383105
48739,0.3,-0.508386492729187,150.0,-7.845291776657104,0.0022010639960700204
49789,0.0,-0.5338369820799146,150.0,-7.837603425979614,0.0024131720808578563
50839,0.0,-0.5042729931218284,150.0,-7.848609203611102,0.0026254380128479427
51948,0.0,-0.4722462445497513,138.625,-7.826055157770545,0.00265656727514135
52998,0.0,-0.4731195228440421,150.0,-7.8423526364281075,0.002943292765357044
54011,0.1,-0.4472312884671347,144.71428571428572,-7.909023770297373,0.0030504361751373175
55061,0.0,-0.4810627017702375,150.0,-7.929371411913918,0.003163081169616253
56111,0.0,-0.5157539418765477,150.0,-7.848732761655535,0.003447227858261959
57161,0.0,-0.5165195635386876,150.0,-7.860502896535964,0.0037295322863030293
58211,0.5,-0.5003966518810817,150.0,-7.831561472756521,0.0038808076951785814
59261,0.0,-0.5048756556851524,150.0,-7.881732546488444,0.004050257936940484
60311,0.1,-0.5510273235184806,150.0,-7.891721986134847,0.004111062102463274
61361,0.0,-0.5007374158927372,150.0,-7.913932474227178,0.0043174159158730786
62411,0.1,-0.49463787249156405,150.0,-7.929074361891975,0.00457280368710469
63461,0.1,-0.5580371788569859,150.0,-7.86913803191412,0.004978943111463671
64511,0.0,-0.5088742460523333,150.0,-7.87972648302714,0.005270745268512872
65512,0.1,-0.47641910186835695,143.0,-7.8529293802289235,0.0058013652462083265
66562,0.0,-0.5314666330814362,150.0,-7.851323083241781,0.006057593424560591
67612,0.0,-0.5018836004393441,150.0,-7.834633115586781,0.006248108841634044
68662,0.0,-0.46048965624400545,150.0,-7.889102017538889,0.006845916389886823
69692,0.0,-0.477765223809651,147.14285714285714,-7.868943129808476,0.007456207238137722
70742,0.0,-0.5322077402046749,150.0,-7.864716695603869,0.007726684163901068
71856,0.0,-0.4244737848639488,139.25,-7.850755434123179,0.008230352881358462
72906,0.0,-0.5317437946796417,150.0,-7.896878327869233,0.008291939654210139
73956,0.3,-0.5331203937530518,150.0,-7.876938391640073,0.008678004052046509
75006,0.1,-0.48384207487106323,150.0,-7.884473262514388,0.009083507342175359
76056,0.0,-0.5426951519080571,150.0,-7.8811803027561735,0.009649950399817456
77184,0.1,-0.4857222717255354,141.0,-7.873414532282414,0.01064794621301982
78234,0.3,-0.519782692193985,150.0,-7.917991739908855,0.010470336172064502
79284,0.0,-0.46240027035985676,150.0,-7.898387142817179,0.010789416041668682
80334,0.4,-0.48178596581731525,150.0,-7.877754180090768,0.011307658550906041
81384,0.0,-0.5322814668927874,150.0,-7.894714289619809,0.011592165435708705
82434,0.2,-0.5280987620353699,150.0,-7.919629537491572,0.01187709853563103
83484,0.1,-0.5087676218577794,150.0,-7.927771468843733,0.012102308054676368
84534,0.2,-0.4998552884374346,150.0,-7.96090325582595,0.01221110784626078
85584,0.0,-0.5460386276245117,150.0,-7.926984267007738,0.012342836347275548
86634,0.2,-0.5200679387365069,150.0,-7.957017059326171,0.013398550174731228
87684,0.4,-0.5129231342247554,150.0,-7.947329267320179,0.013287719903691184
88734,0.0,-0.5037998812539237,150.0,-7.9681636928376705,0.014303801118041434
89784,0.0,-0.5146672470229012,150.0,-7.94391431445167,0.014698168622507226
90834,0.2,-0.4994263989584787,150.0,-7.968103402001518,0.015163737672070661
91884,0.5,-0.47028875776699613,150.0,-7.952863604681832,0.015782928066771656
92934,0.0,-0.5306618213653564,150.0,-7.945451417196366,0.015801706473298725
93984,0.2,-0.5011963418551854,150.0,-7.89933568068913,0.016258487296068956
95034,0.3,-0.5265639594623021,150.0,-7.930224673861548,0.017565900794718238
96084,0.2,-0.5260040376867566,150.0,-7.963933925174532,0.017548564817046836
97134,0.0,-0.5162589464868818,150.0,-7.978059578850156,0.018550613661784503
98184,0.3,-0.4904658240931375,150.0,-7.991125593185425,0.019271159249668317
99234,0.0,-0.4869375058582851,150.0,-8.011143145334152,0.019791625084444174
100284,0.0,-0.5104369946888515,150.0,-8.014366115388416,0.01902614223903843
101334,0.0,-0.5404963706220899,150.0,-7.96993450936817,0.02164917379573342
102384,0.0,-0.507071214062827,150.0,-8.014544250851586,0.021173118643817445
103434,0.1,-0.47790629097393583,150.0,-8.089208848589942,0.02320473913103342
104484,0.3,-0.5547710486820766,150.0,-8.01993416967846,0.022520263449155857
105534,0.0,-0.5073488099234444,150.0,-8.04164917310079,0.023524005858759797
106584,0.0,-0.5366329763616834,150.0,-8.008558308737618,0.023418318618621144
107634,0.0,-0.5224203211920602,150.0,-8.047756612414405,0.02439783688324193
108684,0.4,-0.4965684286185673,150.0,-8.075889227276756,0.023844629118573806
109734,0.1,-0.5012921648366111,150.0,-8.054776381083897,0.02421051653811619
110784,0.0,-0.523112028837204,150.0,-8.05374052365621,0.026958955415480195
111834,0.1,-0.511828533240727,150.0,-8.03812562942505,0.026927942059756745
112884,0.2,-0.5554786537374768,150.0,-8.079179780142647,0.027251253669105826
113934,0.0,-0.5106087412152972,150.0,-8.079790448234196,0.029451184211564913
114984,0.1,-0.5209700507777077,150.0,-8.140859840483893,0.030154521060841426
116034,0.2,-0.4873999399798257,150.0,-8.061597764151438,0.031433229086743224
117084,0.2,-0.524115081344332,150.0,-8.13365715435573,0.031943345216235944
118134,0.2,-0.5329982255186353,150.0,-8.120127198809667,0.032722448989571565
119184,0.1,-0.5184563951832908,150.0,-8.146971935090564,0.03209273695236161
120234,0.0,-0.5182380165372577,150.0,-8.084940818150839,0.03425716694976603
121284,0.2,-0.5032821723393032,150.0,-8.158852781114124,0.034360689331023465
122334,0.2,-0.5006722637585231,150.0,-8.14872951280503,0.035393781523619376
123384,0.1,-0.4944718267236437,150.0,-8.165331319627308,0.03650571841923963
124434,0.0,-0.5163250693253109,150.0,-8.142246516999746,0.036873688276502344
125484,0.0,-0.5017669796943665,150.0,-8.177161284855435,0.037615652835617464
126534,0.3,-0.5390447974205017,150.0,-8.201331672214327,0.03771801068048392
127584,0.1,-0.534804744379861,150.0,-8.182066454660324,0.03866712202894546
128634,0.2,-0.5292901950223106,150.0,-8.238965237027122,0.04050110282819896
129684,0.0,-0.5354746920721871,150.0,-8.161996120725359,0.04044567299740654
130734,0.0,-0.49701511434146334,150.0,-8.167618154798236,0.04152469082425038
131784,0.2,-0.4897267094680241,150.0,-8.222620714732578,0.04117328938096763
132789,0.0,-0.45065210121018545,143.57142857142858,-8.250383252578528,0.041589647208144065
133839,0.2,-0.5203014739922115,150.0,-8.232351948420206,0.04125559399791417
134889,0.3,-0.4869595297745296,150.0,-8.301498953047252,0.040473472236522604
135939,0.1,-0.48914166007723126,150.0,-8.233511129560926,0.042508142244602955
136989,0.0,-0.5051281196730477,150.0,-8.317982262656802,0.045076769415643946
138039,0.1,-0.5039270051888057,150.0,-8.279562527338664,0.041811146347650464
139089,0.3,-0.5143937255655017,150.0,-8.246930621010916,0.04376704728230834
140139,0.1,-0.5096078813076019,150.0,-8.246058531715756,0.04444015871023848
141189,0.1,-0.5149088501930237,150.0,-8.247599729356311,0.04405871035619861
142239,0.1,-0.5311316464628492,150.0,-8.29062448637826,0.04468997947960383
143289,0.1,-0.5437235704490117,150.0,-8.245170830317905,0.045869914968276304
144339,0.3,-0.5301183547292437,150.0,-8.239004758199057,0.04588690108575282
145389,0.0,-0.5199589942182813,150.0,-8.262966532934282,0.046811310252440834
146439,0.2,-0.4747594382081713,150.0,-8.30163436526344,0.04857889653671355
147489,0.0,-0.5160594369683947,150.0,-8.282425556182861,0.0467848975885482
148539,0.0,-0.4852721946580069,150.0,-8.302833236058552,0.04688695827499032
149589,0.4,-0.5162963100842067,150.0,-7.307674857094175,0.04758312878864152
150639,0.0,-0.5222431250980922,150.0,-8.253838827496482,0.0508700227524553
151689,0.0,-0.5120422499520438,150.0,-8.293865559441702,0.04663266101674664
152739,0.0,-0.49163282769066946,150.0,-8.282379422414872,0.04758280652974333
153789,0.1,-0.5147385171481541,150.0,-8.232804376511346,0.04841224351631744
154839,0.2,-0.49811077969414846,150.0,-8.265929170790173,0.048841460944995994
155889,0.3,-0.5054301747253963,150.0,-8.264640958422707,0.052607981797662524
156939,0.0,-0.5178738023553576,150.0,-8.33519809450422,0.05278945802577904
157989,0.1,-0.5099254250526428,150.0,-8.354240394319806,0.05286573412340312
159039,0.1,-0.5297133667128426,150.0,-8.28217908859253,0.051121748853474855
160089,0.5,-0.5523190583501544,150.0,-8.265686333974202,0.053917747748394806
161139,0.3,-0.5274134959493365,150.0,-8.289178091230847,0.05570213203628858
162189,0.0,-0.5341320846761975,150.0,-8.299645780835833,0.05322904901401628
163239,0.3,-0.5524424612522125,150.0,-8.316034272057669,0.05164912871129457
164289,0.0,-0.5055298549788338,150.0,-8.299487628482638,0.05284262250310608
165339,0.1,-0.5148815044334957,150.0,-8.278754126685007,0.05352012781869798
166389,0.1,-0.5409316122531891,150.0,-8.337030407133557,0.05309380018906224
167439,0.2,-0.5052715752805982,150.0,-8.244764585040864,0.055141479489171794
168489,0.2,-0.5162968294961112,150.0,-8.258720625922795,0.05412024712101334
169539,0.2,-0.5136652333395821,150.0,-8.36176313763573,0.05185102262667247
170589,0.2,-0.5136544917310987,150.0,-8.309613529841105,0.05513189124741725
171639,0.2,-0.5287085345813206,150.0,-8.276369515373593,0.058243458012917214
172689,0.3,-0.5161710509232112,150.0,-8.307594286146617,0.05509241508940856
173739,0.3,-0.5207047462463379,150.0,-8.316272715159824,0.05324944364705257
174789,0.0,-0.5196706524917057,150.0,-8.271302844456264,0.053717456630298074
175839,0.0,-0.4954541964190347,150.0,-8.291371235620408,0.05857825166324065
176889,0.1,-0.5237610510417393,150.0,-8.234472516377767,0.05546094970068051
177939,0.3,-0.5243152124541146,150.0,-8.317097394579934,0.0586991253131557
178989,0.0,-0.508653210742133,150.0,-8.311474845977058,0.056241572759158545
180039,0.4,-0.5395745081560952,150.0,-8.316245714369273,0.05506055493528644
181089,0.0,-0.5186038017272949,150.0,-8.28992799032302,0.05904047272035055
182139,0.2,-0.501824404512133,150.0,-8.319740473429363,0.05775362818457541
183189,0.2,-0.49236878752708435,150.0,-8.284218782697405,0.06252190566577372
184239,0.0,-0.5253193931920188,150.0,-8.34741105079651,0.060025226160706505
185289,0.0,-0.5625966957637242,150.0,-8.32402188618978,0.05779696728413304
186339,0.0,-0.49159032106399536,150.0,-8.304020660037086,0.058612555046344085
187389,0.0,-0.5443274549075535,150.0,-8.260937565848941,0.05492167536790172
188439,0.0,-0.5673828210149493,150.0,-8.218139384587605,0.05744340896162958
189489,0.3,-0.5159342288970947,150.0,-8.243684094292776,0.060023835423801616
190539,0.2,-0.5012453666755131,150.0,-8.29590505191258,0.06027459452283525
191589,0.3,-0.530373045376369,150.0,-8.284717106592087,0.06252850299346305
192639,0.2,-0.5296066871711186,150.0,-8.294972885676794,0.06218323698533434
193689,0.0,-0.5452724354607719,150.0,-8.3068667053041,0.061253980922379665
194739,0.2,-0.48290227566446575,150.0,-8.256361989974977,0.06262644706914823
195789,0.1,-0.5016953945159912,150.0,-8.255227436338151,0.0650729604482296
196839,0.6,-0.5338486816201892,150.0,-8.294952680042813,0.06271227002498649
197889,0.5,-0.5090207457542419,150.0,-8.26267068862915,0.06462174403170744
198939,0.0,-0.5354052100862775,150.0,-8.280000921885174,0.05940290183006297
199989,0.1,-0.5377705522945949,150.0,-8.253991567066738,0.05662447920512585
201039,0.0,-0.5389371514320374,150.0,-8.319807685216267,0.0642736529319414
202089,0.5,-0.5433586367538997,150.0,-8.294615941274731,0.06011056274086946
203139,0.1,-0.5298421255179814,150.0,-8.195053866250175,0.05735226923511143
204189,0.0,-0.532868721655437,150.0,-8.275901862553187,0.059382560698404196
205239,0.0,-0.5150442251137325,150.0,-8.306187139238629,0.06208939123632652
206289,0.2,-0.49940143738474163,150.0,-8.252982967467535,0.06242943777924492
207339,0.4,-0.5308877783162254,150.0,-8.308035042626516,0.0691719408484087
208389,0.1,-0.5214098479066577,150.0,-8.257609163011823,0.06194005920418671
209439,0.4,-0.5351661145687103,150.0,-8.249110859462194,0.06509147355421667
210489,0.0,-0.5178521318095071,150.0,-8.259655456088838,0.06474669592721122
211539,0.1,-0.5266159730298179,150.0,-8.250081061862764,0.06299933276183547
212589,0.5,-0.523194432258606,150.0,-8.259191348666237,0.0656020115590876
213639,0.1,-0.530911888395037,150.0,-8.257022306805565,0.05691458014061763
214689,0.0,-0.5398551566260201,150.0,-8.324428209577288,0.06092849402821489
215739,0.0,-0.5293634406157902,150.0,-8.23164719627017,0.06357978747004554
216789,0.1,-0.5115798243454525,150.0,-8.223298204058693,0.061953298765279004
217839,0.3,-0.49491709045001436,150.0,-8.18764623051598,0.05940239444463736
218889,0.1,-0.5040880356516156,150.0,-8.232651542936052,0.06502785068892296
219939,0.0,-0.5193964881556374,150.0,-8.290137806846982,0.054865900093600865
220989,0.0,-0.5133215231554848,150.0,-8.245874057043165,0.06115033068295035
222039,0.2,-0.5277691228049142,150.0,-8.161030348596118,0.06270442807426056
223089,0.2,-0.5238220138209206,150.0,-8.178515533265614,0.05767704413050696
224139,0.3,-0.5258706935814449,150.0,-8.225480296271186,0.06192445558451471
225189,0.4,-0.5216821432113647,150.0,-8.188439667111352,0.062406346080381245
226239,0.0,-0.5123322648661477,150.0,-8.19283358210609,0.06545193469950131
227289,0.0,-0.5187010339328221,150.0,-8.188494590123495,0.06491385267071781
228339,0.1,-0.5302362995488303,150.0,-8.144780152638754,0.06082537746323007
229389,0.2,-0.519889942237309,150.0,-8.22270880245027,0.06320477660035803
230439,0.0,-0.5016913797174182,150.0,-8.241297612417311,0.05836602193436452
231489,0.6,-0.5032157642500741,150.0,-8.151358143488565,0.059303607839558806
232539,0.0,-0.48917376569339205,150.0,-8.181574688866025,0.05974596032872797
233589,0.2,-0.5330516568252018,150.0,-8.16672621863229,0.06375613817945124
234639,0.0,-0.5468581957476479,150.0,-8.186447264807565,0.05446102990724501
235689,0.2,-0.49879627568381174,150.0,-8.152299503598895,0.058000787964888986
236739,0.0,-0.526039353438786,150.0,-8.159524640582855,0.05605990377653922
237789,0.3,-0.5140874939305442,150.0,-8.157298286074683,0.06913222019516287
238839,0.0,-0.5307864759649549,150.0,-8.15117804118565,0.058391461316496134
239889,0.2,-0.5088733051504407,150.0,-8.176129005068827,0.05754298244381235
240939,0.0,-0.5169092459338052,150.0,-8.193477791377477,0.05768760473068272
241989,0.1,-0.5251446281160627,150.0,-8.166071809587024,0.0659719022780302
243039,0.3,-0.5235824840409415,150.0,-8.103777409508115,0.061998058193851076
244089,0.0,-0.531563618353435,150.0,-8.112664070129396,0.05724901447338717
245139,0.1,-0.5574706196784973,150.0,-8.119592632566178,0.06121018374782233
246189,0.4,-0.5141996570995876,150.0,-8.101829426175073,0.059881706592582525
247239,0.2,-0.5171420659337725,150.0,-8.112609764734904,0.06158313605579591
248289,0.0,-0.5105356574058533,150.0,-8.160830603100006,0.059845246937835495
249339,0.1,-0.4947529009410313,150.0,-8.186385607946487,0.05678086595875876
250389,0.0,-0.5167632145541055,150.0,-8.119177595320204,0.0644266419769043
251439,0.1,-0.513067113501685,150.0,-8.12418602035159,0.06343404644745446
252489,0.0,-0.5431181788444519,150.0,-8.089616348175776,0.06565518117997618
253539,0.1,-0.5256736619131905,150.0,-8.139497210638863,0.0595628037206119
254589,0.0,-0.5241683295794896,150.0,-8.085855102993193,0.059420807515049266
255639,0.1,-0.517184853553772,150.0,-8.07070201692127,0.055622377180982216
256689,0.1,-0.5128950604370662,150.0,-8.111756503241402,0.058451295730968314
257739,0.2,-0.5098737818854195,150.0,-8.152792995543708,0.06531902461889245
258789,0.3,-0.5148954391479492,150.0,-8.054992131732758,0.06102254086839302
259839,0.0,-0.5386501508099693,150.0,-8.051881184805008,0.06034097096927109
260889,0.0,-0.5157581056867327,150.0,-8.099462606793358,0.05655752662480588
261939,0.1,-0.5252825702939715,150.0,-8.075313102631343,0.054256572028888124
262989,0.2,-0.49816589270319256,150.0,-8.072820422308785,0.05872016674528519
264039,0.2,-0.4847484997340611,150.0,-8.088830781210037,0.055967908103373785
265089,0.0,-0.4872767286641257,150.0,-8.08327396120344,0.05246672170325404
266139,0.1,-0.539558904511588,150.0,-8.084098080226353,0.057164059755880216
267189,0.6,-0.5067131476742881,150.0,-8.053607051486061,0.0563816956075884
268239,0.5,-0.5594064167567662,150.0,-8.082260413396927,0.05617949083181364
269289,0.0,-0.5354283664907727,150.0,-8.011333144959949,0.054587152429102434
270339,0.2,-0.5176531587328229,150.0,-8.001080829756601,0.058908512669482396
271389,0.0,-0.5240766406059265,150.0,-8.030011530830746,0.05737139869215233
272439,0.0,-0.5173168310097286,150.0,-7.989902800605411,0.05421624405398255
273489,0.3,-0.5346582319055285,150.0,-7.98939159030006,0.05372613489184351
274539,0.0,-0.538237350327628,150.0,-8.035888941628594,0.05064126135958802
275589,0.3,-0.5413897122655597,150.0,-8.016649683997743,0.05824742734432221
276639,0.0,-0.5212799693856921,150.0,-7.986061860947381,0.051338379388409
277689,0.1,-0.49180525115558077,150.0,-7.983698599679129,0.054618116985296915
278739,0.0,-0.49929283772196087,150.0,-7.933296649569557,0.051187284281920827
279789,0.2,-0.5282648503780365,150.0,-8.042425018038069,0.0559802478436558
280839,0.1,-0.5040684597832816,150.0,-7.9627623403640015,0.06107586934896452
281889,0.5,-0.5201187516961779,150.0,-7.945275456110636,0.05611871741712093
282939,0.4,-0.520206379038947,150.0,-7.97920508657183,0.05231069554973926
283989,0.3,-0.5230554171970913,150.0,-7.961145600364323,0.052153051623276304
285039,0.2,-0.5267641076019832,150.0,-7.929321189153763,0.05070063337328888
286089,0.5,-0.540987891810281,150.0,-7.951277383168539,0.053400544753032075
287139,0.1,-0.5199735420090812,150.0,-7.943909769512358,0.05447108473007877
288189,0.0,-0.4884806658540453,150.0,-7.992820180257161,0.0512949697832976
289239,0.0,-0.5349841884204319,150.0,-7.943925056457521,0.0511921818093175
290289,0.3,-0.5230146263326917,150.0,-7.976444785254341,0.05373517258181458
291339,0.0,-0.5133391576153892,150.0,-7.99181155976795,0.05663291987563882
292389,0.2,-0.5203158855438232,150.0,-7.933871335529146,0.049414847366334426
293439,0.1,-0.504429544721331,150.0,-7.915866414932977,0.05475947098540408
294489,0.2,-0.5022464564868382,150.0,-7.927550442105248,0.05281033142780265
295539,0.6,-0.5198604209082467,150.0,-7.872670410701206,0.05054002698865675
296589,0.0,-0.5204903653689793,150.0,-7.915829316093808,0.05154413827827998
297639,0.3,-0.512904303414481,150.0,-7.887161958785284,0.04869642329269221
298689,0.1,-0.5083911035742078,150.0,-7.916331861132667,0.047676836559992455
299739,0.0,-0.5276644017015185,150.0,-7.848589049293881,0.0531106231822854
300789,0.2,-0.5284265407494136,150.0,-7.834905040377663,0.054671079578499
301839,0.1,-0.5211843975952694,150.0,-7.8201736686343235,0.04871962383566868
302889,0.3,-0.54305414216859,150.0,-7.757912981396629,0.05260627549762527
303939,0.0,-0.5427671032292503,150.0,-7.803363188789005,0.05174531388850439
304989,0.0,-0.5039005534989494,150.0,-7.815419171197074,0.049541539953400694
306039,0.1,-0.5440358860152108,150.0,-7.720438836869739,0.05290832224257646
307089,0.0,-0.5174969605037144,150.0,-7.7085958657945906,0.04766523727437571
308139,0.2,-0.49057742953300476,150.0,-7.699978416987827,0.046735936264906616
309189,0.4,-0.5182115818772998,150.0,-7.745076274871826,0.043717018991176575
310239,0.0,-0.5418204750333514,150.0,-7.72561170623416,0.044320933157134625
311289,0.1,-0.5350302628108433,150.0,-7.719520496640887,0.049229472082640446
312339,0.0,-0.5368486217090062,150.0,-7.700323368708292,0.04611317539942406
313389,0.2,-0.5178572237491608,150.0,-7.687927901858376,0.04441916878113434
314439,0.0,-0.5101617872714996,150.0,-7.601085863113403,0.04954166843866309
315489,0.2,-0.523752680846623,150.0,-7.608782512573969,0.04519041126771343
316539,0.2,-0.5189678030354636,150.0,-7.588844397408622,0.04650455532905956
317589,0.0,-0.5138022729328701,150.0,-7.591307256789435,0.04058411505472447
318639,0.5,-0.5289403242724282,150.0,-7.600188467389061,0.048329628642116276
319689,0.1,-0.5066394124712262,150.0,-7.583177156902495,0.044536413558359654
320739,0.3,-0.5227155131953103,150.0,-7.567155917485556,0.04349456910310047
321789,0.0,-0.5019131558282035,150.0,-7.502209196544828,0.03988507766808782
322839,0.4,-0.5063523139272418,150.0,-7.542434178306943,0.04231404798726241
323889,0.2,-0.5032550990581512,150.0,-7.539829377673921,0.04384784992340775
324939,0.1,-0.5152326396533421,150.0,-7.5109165604909265,0.044661190613572085
325989,0.2,-0.5293754381792886,150.0,-7.51139902659825,0.03958372701757721
327039,0.5,-0.5025208805288587,150.0,-7.518796319053287,0.0435967720171348
328089,0.0,-0.4994105909551893,150.0,-7.436614011582874,0.03507644274804209
329139,0.1,-0.506697131054742,150.0,-7.443968930471511,0.03930680493247651
330189,0.0,-0.5103730942521777,150.0,-7.4612983930678585,0.04143063743066575
331239,0.1,-0.5231497841221946,150.0,-7.428434693018596,0.03779916596066739
332289,0.0,-0.5152402222156525,150.0,-7.418803777694703,0.03624849756869177
333339,0.2,-0.5124666520527431,150.0,-7.3738344955444335,0.03728088524680407
334389,0.0,-0.5266565041882652,150.0,-7.443950134458995,0.03236158237349065
335439,0.0,-0.5082005645547595,150.0,-7.417573628652663,0.03223997788148976
336489,0.4,-0.5324292480945587,150.0,-7.380502531869071,0.034691185919745335
337539,0.1,-0.5138314962387085,150.0,-7.368026120776221,0.029505587744837004
338589,0.3,-0.5045186749526432,150.0,-7.3956087289537695,0.03459185649818253
339639,0.1,-0.5036408262593406,150.0,-7.335610820679436,0.03744036373815367
340689,0.4,-0.5278279866491046,150.0,-7.353257556188675,0.03141276713283289
341739,0.3,-0.5186337573187692,150.0,-7.372704623994374,0.03405274662543975
342789,0.2,-0.5061038051332746,150.0,-7.305504644484747,0.02900081969088032
343839,0.0,-0.5110687400613513,150.0,-7.30065607888358,0.03091337277110489
344889,0.0,-0.5249188414641789,150.0,-7.222144945689609,0.029498963453141704
345939,0.3,-0.5033654996326992,150.0,-7.248796612875802,0.028514312519913626
346989,0.0,-0.5105590905461993,150.0,-7.286392879486085,0.027416367151641422
348039,0.2,-0.5157608730452401,150.0,-7.3183875701540995,0.027546864056604958
349089,0.3,-0.5259258917399815,150.0,-7.259142694019135,0.02755127232122634
350139,0.1,-0.5043517606598991,150.0,-7.236358297438848,0.026393211880432706
351189,0.0,-0.5081594416073391,150.0,-7.267710038593839,0.02510354346617879
352239,0.0,-0.5268795703138623,150.0,-7.267062438783191,0.027521191924987806
353289,0.2,-0.5284225472382137,150.0,-7.252952416283743,0.026718130867839567
354339,0.0,-0.515369325876236,150.0,-7.253249511264619,0.023349912987711528
355389,0.1,-0.5169572617326464,150.0,-7.217926225208101,0.025550757738805958
356439,0.7,-0.5066642378057752,150.0,-7.212437749136062,0.02405132361111187
357489,0.4,-0.49799807582582745,150.0,-7.1983349309648785,0.024008781667577018
358539,0.0,-0.5261451048510415,150.0,-7.201713776815505,0.022625517042885932
359589,0.3,-0.5216929827417646,150.0,-7.162552303132557,0.02230130649837
360639,0.0,-0.5520202687808445,150.0,-7.189297716731117,0.022177227637952285
361689,0.0,-0.5106797346046993,150.0,-7.183546311060588,0.02000061661115892
362739,0.1,-0.512152339730944,150.0,-7.190846209753128,0.020563904554804873
363789,0.2,-0.5150338326181684,150.0,-7.170298714864821,0.02023858501908502
364839,0.3,-0.4993802734783718,150.0,-7.134404901322865,0.021022854560453975
365889,0.0,-0.513518648488181,150.0,-7.132342712311518,0.018912441475937767
366939,0.3,-0.5300905108451843,150.0,-7.136130494390215,0.01967351102026268
367989,0.1,-0.5615328763212476,150.0,-7.1186035533178424,0.019167511265370106
369039,0.1,-0.5509050573621478,150.0,-7.109267206192016,0.01614770305121229
370089,0.0,-0.518259733915329,150.0,-7.105595690863473,0.01763477160573183
371139,0.1,-0.5172318645886013,150.0,-7.089670869736445,0.01677447079481291
372189,0.0,-0.53432149546487,150.0,-7.06850943792434,0.015189766769208723
373239,0.0,-0.5155582257679531,150.0,-7.058341935021537,0.017084976185689722
374289,0.0,-0.5239655758653369,150.0,-7.070113095783052,0.013856361138057851
375339,0.6,-0.5206845615591321,150.0,-7.045651932670957,0.01258460716388765
376389,0.0,-0.5297787955829075,150.0,-7.0364559977395205,0.01346995125801879
377439,0.1,-0.516037540776389,150.0,-7.023710574195499,0.011733485663620135
378489,0.0,-0.511586823633739,150.0,-6.999218982060751,0.01263414496267658
379539,0.0,-0.5177471382277352,150.0,-6.981709452583677,0.011876607743047534
380589,0.0,-0.4860167588506426,150.0,-7.001920501164028,0.010724712609690393
381639,0.1,-0.521308822291238,150.0,-6.984450470152355,0.00990078641489769
382689,0.1,-0.5028600479875293,150.0,-6.9798383880796875,0.012052671871081527
383739,0.4,-0.502982463155474,150.0,-6.962550374893914,0.011066611988824748
384789,0.1,-0.5175551431519645,150.0,-6.962482680366152,0.009301481066116443
385839,0.3,-0.5103531011513301,150.0,-6.964706690652029,0.010754013731632204
386889,0.0,-0.5401706099510193,150.0,-6.980261306762695,0.009816524579877124
387939,0.2,-0.5448767798287528,150.0,-6.967622625714256,0.010594496561735426
388989,0.2,-0.515648752450943,150.0,-6.954007725488572,0.010483247017643105
390039,0.0,-0.5184908764702933,150.0,-6.75920076915196,0.00960598579297463
391089,0.3,-0.519554785319737,150.0,-6.944020582380749,0.008632523413814071
392139,0.2,-0.5093695904527392,150.0,-6.949695336932228,0.00967226361445639
393189,0.0,-0.5086745364325387,150.0,-6.938091047377815,0.0078008595952719795
394239,0.1,-0.5398275767053876,150.0,-6.9303905923025955,0.007510784365724595
395289,0.3,-0.5242155492305756,150.0,-6.9472439647856215,0.008035593404146354
396339,0.1,-0.5413014675889697,150.0,-6.923128329231626,0.008143014367115462
397389,0.0,-0.531535919223513,150.0,-6.922785511016846,0.009102402829365539
398439,0.0,-0.510125070810318,150.0,-6.912734515780493,0.008220600054455211
399489,0.2,-0.5483089174543109,150.0,-6.923787978490194,0.006488671414332376
400539,0.0,-0.5135105507714408,150.0,-6.899330099650791,0.007151360769002212
401589,0.0,-0.5055618754455021,150.0,-6.8891356145767935,0.007360439117875926
402639,0.2,-0.5039825226579394,150.0,-6.876344279334659,0.006492041766122427
403689,0.2,-0.5331611718450274,150.0,-6.883878048488072,0.006886006874154277
404739,0.0,-0.5345852204731533,150.0,-6.893401708602904,0.005925810506644968
405789,0.1,-0.5276617365224021,150.0,-6.8894635064261305,0.006514673609330896
406839,0.1,-0.5114371010235378,150.0,-6.8939563578651075,0.005657252452358426
407889,0.1,-0.5439930004732949,150.0,-6.8865659768240794,0.005305806571905989
408939,0.0,-0.5386738479137421,150.0,-6.868326801118397,0.006152160845785623
409989,0.0,-0.5441132954188755,150.0,-6.863558015369234,0.0061305852192786656
411039,0.0,-0.5049912972109658,150.0,-6.844681716192335,0.005737785756299715
412089,0.2,-0.5363447751317706,150.0,-6.858080539703368,0.005675980981516962
413139,0.1,-0.5410685624395098,150.0,-6.8702335639227,0.004954569326447589
414189,0.0,-0.5388404045786176,150.0,-6.853658732913788,0.0041405635237849
415239,0.0,-0.5467355081013271,150.0,-6.863928822562808,0.004403861437292237
416289,0.1,-0.5269113566194262,150.0,-6.849131609144665,0.0042936102749912865
417339,0.0,-0.5190856243882861,150.0,-6.8527564076014915,0.004630850922992631
418389,0.1,-0.5152473109109061,150.0,-6.8369600981757745,0.004055496105048362
419439,0.0,-0.5026986173221043,150.0,-6.8356828566959935,0.0035838992243433106
420489,0.1,-0.5180154017039708,150.0,-6.833207351593744,0.003632450270677163
421539,0.2,-0.5031917520931789,150.0,-6.841681914556594,0.004837202100066601
422589,0.0,-0.5584846138954163,150.0,-6.8312603296552386,0.0036618624418042604
423639,0.0,-0.5292550665991647,150.0,-6.816589889753431,0.003650405920149448
424689,0.2,-0.5082142097609383,150.0,-6.8294218844459165,0.003931416758153188
425739,0.0,-0.5151324995926448,150.0,-6.812097038541522,0.003602262789333638
426789,0.4,-0.5387944238526481,150.0,-6.808638544082642,0.0027252031801756295
427839,0.0,-0.5083723408835275,150.0,-6.7157255572364445,0.0029025158799430794
428889,0.1,-0.5249098198754447,150.0,-6.807382284346082,0.0031861832915594623
429939,0.0,-0.5252876196588788,150.0,-6.79677448953901,0.002890938092965544
430989,0.1,-0.5439245445387704,150.0,-6.793079952966599,0.0027330630390150915
432039,0.0,-0.5082344923700605,150.0,-6.802252316247849,0.0024591670741072103
433089,0.0,-0.5258520799023765,150.0,-6.781659867422921,0.0026426347018873677
434139,0.1,-0.5008816591330937,150.0,-6.782762462525142,0.0024677664526583003
435189,0.1,-0.5356280931404659,150.0,-6.773532286144438,0.002062353160720141
436239,0.4,-0.532910236290523,150.0,-6.776351991835094,0.002622463226822826
437289,0.0,-0.5513620802334377,150.0,-6.776803330466861,0.002042513271472195
438339,0.0,-0.5457884584154401,150.0,-6.775805032820928,0.0024778728463709172
439389,0.0,-0.5017170906066895,150.0,-6.7700713407425654,0.0021913015884430414
440439,0.0,-0.524538734129497,150.0,-6.762086229778471,0.0017584368630611737
441489,0.0,-0.5197888229574475,150.0,-6.766968754813784,0.0018587512519609717
442539,0.3,-0.5323035504136767,150.0,-6.764603931336176,0.0018503858484438666
443589,0.0,-0.538709968328476,150.0,-6.764074129831224,0.001838948249767002
444639,0.1,-0.5304415822029114,150.0,-6.762388354256038,0.0015723318055305363
445689,0.0,-0.5480544226510184,150.0,-6.748086651393345,0.0022569388484476975
446739,0.0,-0.5532016754150391,150.0,-6.750766105651855,0.0015825643971384992
447789,0.2,-0.5224901778357369,150.0,-6.747672215416317,0.0015704520036316743
448839,0.0,-0.5015037485531398,150.0,-6.757666914349509,0.0014670884290466175
449889,0.0,-0.5136151143482753,150.0,-6.734317421231951,0.0013578841936708029
450939,0.2,-0.5160381325653621,150.0,-6.741468353271485,0.0014702528469414183
451989,0.0,-0.5216706139700753,150.0,-6.737479508263725,0.001283869335228311
453039,0.0,-0.5259330315249306,150.0,-6.748731553213936,0.0014486395190553075
454089,0.0,-0.5348498906408038,150.0,-6.734109591529483,0.0011840590197105137
455139,0.0,-0.5270123311451503,150.0,-6.733507597559975,0.0014524013953909852
456189,0.0,-0.5322987692696708,150.0,-6.718617242631458,0.0010963061916603085
457239,0.0,-0.5082331938402993,150.0,-6.7314771534147715,0.0010994286967131
458289,0.0,-0.5206044231142316,150.0,-6.723557749702818,0.0012031428037638154
459339,0.0,-0.5373160881655556,150.0,-6.7109509922209245,0.0010283275572943412
460389,0.0,-0.5009072337831769,150.0,-6.726982671646844,0.0011244266379314162
461439,0.3,-0.5217132525784629,150.0,-6.729568882442655,0.0010176963984364798
462489,0.0,-0.5061771614210946,150.0,-6.717677147729057,0.0012994838654412889
463539,0.0,-0.5284957928316933,150.0,-6.727537307285126,0.0010308819132859796
464589,0.0,-0.5105689253125872,150.0,-6.727490703946068,0.0008928996816393918
465639,0.0,-0.5174496684755597,150.0,-6.714092606135777,0.0010896812861375068
466689,0.0,-0.5130315933908735,150.0,-6.72290282476516,0.0008144429053174375
467739,0.1,-0.5351100819451469,150.0,-6.717985350290934,0.0008401153691548166
468789,0.0,-0.5272276146071297,150.0,-6.710583224069505,0.0008031042192444493
469839,0.0,-0.5398585285459246,150.0,-6.712519443602789,0.0009082206259301443
470889,0.0,-0.5344447067805699,150.0,-6.718046199707758,0.0007240542415335464
471939,0.0,-0.5071000456809998,150.0,-6.7056568935939245,0.000744303044838099
472989,0.0,-0.5262756517955235,150.0,-6.699581164405459,0.0007478491586031548
474039,0.0,-0.5047646590641567,150.0,-6.703581605638776,0.0006952707306135423
475089,0.0,-0.5332163316862923,150.0,-6.699103997094291,0.000720783712361784
476139,0.0,-0.53841775229999,150.0,-6.703080749511719,0.0006862157018968857
477189,0.0,-0.5210247167519161,150.0,-6.708239530381703,0.000655763114821942
478239,0.0,-0.532531099660056,150.0,-6.687778887521653,0.0006952894650679635
479289,0.0,-0.5368530324527195,150.0,-6.703980407714844,0.0006665994695919965
480339,0.0,-0.5572645579065595,150.0,-6.697291133063181,0.0006550884383129112
481389,0.2,-0.5182178403650012,150.0,-6.696768292472476,0.0006712538567427101
482439,0.0,-0.5064474642276764,150.0,-6.681693873178391,0.0005417091611473422
483489,0.0,-0.5125415623188019,150.0,-6.69125607853844,0.0005555072224940107
484539,0.1,-0.5246139466762543,150.0,-6.678953909192766,0.0005035611596637561
485589,0.0,-0.526906452008656,150.0,-6.677212669281734,0.0005399467594231413
486639,0.0,-0.5409311694758279,150.0,-6.6745293594541995,0.0005696689775019575
487689,0.0,-0.5139036476612091,150.0,-6.678631178992135,0.0005540963094903244
488739,0.0,-0.5056346314293998,150.0,-6.675627247719539,0.000482434410538796
489789,0.0,-0.498521272625242,150.0,-6.678921432949248,0.0005217847383132072
490839,0.1,-0.49007810013634817,150.0,-6.664272239775884,0.000528168942504895
491889,0.1,-0.512505612203053,150.0,-6.690410437356858,0.0004420726425208462
492939,0.0,-0.5368203861372811,150.0,-6.652121758688064,0.0004849455352329339
493989,0.0,-0.5273703421865191,150.0,-6.667862640108382,0.0004343900935817233
495039,0.1,-0.5322703719139099,150.0,-6.676450126284644,0.0004182024293965827
496089,0.0,-0.5039190096514565,150.0,-6.659378727958315,0.000448624955644759
497139,0.2,-0.5516761711665562,150.0,-6.664657929738363,0.00046797772625203454
498189,0.0,-0.5380693546363285,150.0,-6.661042852855863,0.0004790694295176461
499239,0.1,-0.5330723226070404,150.0,-6.651994659787133,0.0003942901822301792
